{
	"partitions" : [
		{
			"name" : "Top",
			"pins" : [
				{
					"name" : "segsec0[0]",
					"strict" : false
				},
				{
					"name" : "segsec0[1]",
					"strict" : false
				},
				{
					"name" : "segsec0[2]",
					"strict" : false
				},
				{
					"name" : "segsec0[3]",
					"strict" : false
				},
				{
					"name" : "segsec0[4]",
					"strict" : false
				},
				{
					"name" : "segsec0[5]",
					"strict" : false
				},
				{
					"name" : "segsec0[6]",
					"strict" : false
				},
				{
					"name" : "segsec1[0]",
					"strict" : false
				},
				{
					"name" : "segsec1[1]",
					"strict" : false
				},
				{
					"name" : "segsec1[2]",
					"strict" : false
				},
				{
					"name" : "segsec1[3]",
					"strict" : false
				},
				{
					"name" : "segsec1[4]",
					"strict" : false
				},
				{
					"name" : "segsec1[5]",
					"strict" : false
				},
				{
					"name" : "segsec1[6]",
					"strict" : false
				},
				{
					"name" : "segmin0[0]",
					"strict" : false
				},
				{
					"name" : "segmin0[1]",
					"strict" : false
				},
				{
					"name" : "segmin0[2]",
					"strict" : false
				},
				{
					"name" : "segmin0[3]",
					"strict" : false
				},
				{
					"name" : "segmin0[4]",
					"strict" : false
				},
				{
					"name" : "segmin0[5]",
					"strict" : false
				},
				{
					"name" : "segmin0[6]",
					"strict" : false
				},
				{
					"name" : "segmin1[0]",
					"strict" : false
				},
				{
					"name" : "segmin1[1]",
					"strict" : false
				},
				{
					"name" : "segmin1[2]",
					"strict" : false
				},
				{
					"name" : "segmin1[3]",
					"strict" : false
				},
				{
					"name" : "segmin1[4]",
					"strict" : false
				},
				{
					"name" : "segmin1[5]",
					"strict" : false
				},
				{
					"name" : "segmin1[6]",
					"strict" : false
				},
				{
					"name" : "seghour0[0]",
					"strict" : false
				},
				{
					"name" : "seghour0[1]",
					"strict" : false
				},
				{
					"name" : "seghour0[2]",
					"strict" : false
				},
				{
					"name" : "seghour0[3]",
					"strict" : false
				},
				{
					"name" : "seghour0[4]",
					"strict" : false
				},
				{
					"name" : "seghour0[5]",
					"strict" : false
				},
				{
					"name" : "seghour0[6]",
					"strict" : false
				},
				{
					"name" : "seghour1[0]",
					"strict" : false
				},
				{
					"name" : "seghour1[1]",
					"strict" : false
				},
				{
					"name" : "seghour1[2]",
					"strict" : false
				},
				{
					"name" : "seghour1[3]",
					"strict" : false
				},
				{
					"name" : "seghour1[4]",
					"strict" : false
				},
				{
					"name" : "seghour1[5]",
					"strict" : false
				},
				{
					"name" : "seghour1[6]",
					"strict" : false
				},
				{
					"name" : "reset",
					"strict" : false
				},
				{
					"name" : "btn_s",
					"strict" : false
				},
				{
					"name" : "set_sw",
					"strict" : false
				},
				{
					"name" : "btn_m",
					"strict" : false
				},
				{
					"name" : "btn_h",
					"strict" : false
				},
				{
					"name" : "clk",
					"strict" : false
				}
			]
		}
	]
}